{"cameraMode":{"drawMode":0,"name":"Shaded","section":"Shading Mode"},"sceneLighting":false,"audioPlay":false,"sceneViewState":{"showFog":false,"showMaterialUpdate":false,"showSkybox":false,"showFlares":false,"showImageEffects":false,"showParticleSystems":false},"in2DMode":false,"pivot":{"x":-1.211158275604248,"y":0.2713693380355835,"z":6.2224578857421879},"rotation":{"x":0.16217055916786195,"y":-0.36886802315711977,"z":0.0655222237110138,"w":0.912890613079071},"size":2.816084384918213,"orthographic":false}