{"cameraMode":{"drawMode":0,"name":"Shaded","section":"Shading Mode"},"sceneLighting":false,"audioPlay":false,"sceneViewState":{"showFog":false,"showMaterialUpdate":false,"showSkybox":false,"showFlares":false,"showImageEffects":false,"showParticleSystems":false},"in2DMode":false,"pivot":{"x":0.1872391700744629,"y":2.432380437850952,"z":-0.054102420806884769},"rotation":{"x":-0.21985632181167603,"y":-0.07365768402814865,"z":0.01665615662932396,"w":-0.9726219773292542},"size":5.280971527099609,"orthographic":false}