{"cameraMode":{"drawMode":0,"name":"Shaded","section":"Shading Mode"},"sceneLighting":true,"audioPlay":false,"sceneViewState":{"showFog":false,"showMaterialUpdate":false,"showSkybox":false,"showFlares":false,"showImageEffects":false,"showParticleSystems":false},"in2DMode":false,"pivot":{"x":1.3111705780029297,"y":3.4546217918395998,"z":2.17706561088562},"rotation":{"x":0.03873820975422859,"y":0.581943929195404,"z":0.027787690982222558,"w":-0.8118624687194824},"size":3.730776071548462,"orthographic":false}