{"cameraMode":{"drawMode":0,"name":"Shaded","section":"Shading Mode"},"sceneLighting":false,"audioPlay":false,"sceneViewState":{"showFog":false,"showMaterialUpdate":false,"showSkybox":false,"showFlares":false,"showImageEffects":false,"showParticleSystems":false},"in2DMode":false,"pivot":{"x":0.007255524396896362,"y":0.17022089660167695,"z":0.0030555129051208498},"rotation":{"x":-0.21985632181167603,"y":-0.07365768402814865,"z":0.01665615662932396,"w":-0.9726219773292542},"size":0.2324802577495575,"orthographic":false}