{"cameraMode":{"drawMode":0,"name":"Shaded","section":"Shading Mode"},"sceneLighting":false,"audioPlay":false,"sceneViewState":{"showFog":false,"showMaterialUpdate":false,"showSkybox":false,"showFlares":false,"showImageEffects":false,"showParticleSystems":false},"in2DMode":false,"pivot":{"x":0.7239999771118164,"y":1.3299999237060547,"z":-6.590000152587891},"rotation":{"x":0.2664377689361572,"y":-0.6862159371376038,"z":0.3017725348472595,"w":0.6058647036552429},"size":5.504736423492432,"orthographic":false}