{"cameraMode":{"drawMode":0,"name":"Shaded","section":"Shading Mode"},"sceneLighting":false,"audioPlay":false,"sceneViewState":{"showFog":false,"showMaterialUpdate":false,"showSkybox":false,"showFlares":false,"showImageEffects":false,"showParticleSystems":false},"in2DMode":false,"pivot":{"x":-0.002007603645324707,"y":4.2777886390686039,"z":0.0016589164733886719},"rotation":{"x":-0.21985632181167603,"y":-0.07365768402814865,"z":0.01665615662932396,"w":-0.9726219773292542},"size":4.883634090423584,"orthographic":false}