{"cameraMode":{"drawMode":0,"name":"Shaded","section":"Shading Mode"},"sceneLighting":false,"audioPlay":false,"sceneViewState":{"showFog":false,"showMaterialUpdate":false,"showSkybox":false,"showFlares":false,"showImageEffects":false,"showParticleSystems":false},"in2DMode":false,"pivot":{"x":-6.187613487243652,"y":3.2573862075805666,"z":3.769470691680908},"rotation":{"x":-0.21105614304542542,"y":-0.2368326485157013,"z":0.05279460921883583,"w":-0.9468955397605896},"size":5.446727752685547,"orthographic":false}