{"cameraMode":{"drawMode":0,"name":"Shaded","section":"Shading Mode"},"sceneLighting":false,"audioPlay":false,"sceneViewState":{"showFog":false,"showMaterialUpdate":false,"showSkybox":false,"showFlares":false,"showImageEffects":false,"showParticleSystems":false},"in2DMode":false,"pivot":{"x":1.195084810256958,"y":0.8694065809249878,"z":4.630218505859375},"rotation":{"x":-0.25166839361190798,"y":0.3481249511241913,"z":-0.09758711606264115,"w":-0.897775411605835},"size":1.4780006408691407,"orthographic":false}